,0
0,2015年1月
1,2015年2月
2,2015年3月
3,2015年4月
4,2015年5月
5,2015年6月
6,2015年7月
7,2015年8月
8,2015年9月
9,2015年10月
10,2015年11月
11,2015年12月
12,2016年1月
13,2016年2月
14,2016年3月
15,2016年4月
16,2016年5月
17,2016年6月
18,2016年7月
19,2016年8月
20,2016年9月
21,2016年10月
22,2016年11月
23,2016年12月
24,2017年1月
25,2017年2月
26,2017年3月
27,2017年4月
28,2017年5月
29,2017年6月
30,2017年7月
31,2017年8月
32,2017年9月
33,2017年10月
34,2017年11月
35,2017年12月
36,2018年1月
37,2018年2月
38,2018年3月
39,2018年4月
40,2018年5月
41,2018年6月
42,2018年7月
43,2018年8月
44,2018年9月
45,2018年10月
46,2018年11月
47,2018年12月
48,2019年1月
49,2019年2月
50,2019年3月
51,2019年4月
52,2019年5月
53,2019年6月
54,2019年7月
55,2019年8月
56,2019年9月
57,2019年10月
58,2019年11月
59,2019年12月
60,2020年1月
61,2020年2月
62,2020年3月
63,2020年4月
64,2020年5月
65,2020年6月
66,2020年7月
67,2020年8月
